source,job_id,title,company_name,location_raw,remote_status,job_type,description,tags_raw,publication_date,job_url,salary_min_raw,salary_max_raw,salary_text_raw,scrape_date
RemoteJobs.org,f231478a-53fc-49c8-b5e5-64fd1f10e519,Solutions Engineering Post Sales,Geotab,Remote - US,Remote,Full-time,"Who we are: Geotab ® is a global leader in IoT and connected transportation and certified “Great Place to Work™.” We are a company of diverse and talented individuals who work together to help businesses grow and succeed, and increase the safety and sustainability of our communities. Geotab is advancing security, connecting commercial vehicles to the internet and providing web-based analytics to help customers better manage their fleets. Geotab’s open platform and Geotab Marketplace ®, offering hundreds of third-party solution options, allows both small and large businesses to automate operations by integrating vehicle data with their other data assets. Processing billions of data points a day, Geotab leverages data analytics and machine learning to improve productivity, optimize fleets through the reduction of fuel consumption, enhance driver safety and achieve strong compliance to regulatory changes. Our team is growing and we’re looking for people who follow their passion, think dif","{'name': 'Data Science', 'slug': 'data-science'}",2026-05-07T00:01:45+00:00,https://remotejobs.org/remote-jobs/solutions-engineering-post-sales-geotab,,,,2026-05-10
RemoteJobs.org,172d6aaf-f0ad-458f-aa73-46a855151b26,Account Executive,BlastPoint,Remote,Remote,Full-time,"About BlastPoint BlastPoint is a B2B data analytics startup located in the East Liberty neighborhood of Pittsburgh. We give companies the power to engage with customers more effectively by discovering the humans in their data and understanding customer journeys. Serving diverse industries including energy, finance, retail, and transportation, BlastPoint's Customer Intelligence Platform makes data accessible to business users so they can plan solutions to customer-facing challenges, from encouraging green behavior to managing customers' financial stress. Founded in 2016 by Carnegie Mellon Alumni, we are a tight-knit, forward-thinking team. Why You Should Work for Us - Solve Challenging Problems: BlastPoint's platform incorporates cutting-edge approaches to geospatial data, psychographic clustering, data enrichment and a dynamic visualization environment, all at scale. We're working to break new ground by pulling insights from high-dimensional data. And we're pushing ourselves to try new","{'name': 'Data Science', 'slug': 'data-science'}",2026-05-02T00:01:02+00:00,https://remotejobs.org/remote-jobs/account-executive-blastpoint,,,,2026-05-10
RemoteJobs.org,a727f4bc-15d8-4194-a6ea-0343fd846612,Lead Analytics Engineer Borrowing,Monzo,"Cardiff, London",Remote,Full-time,"🚀 We're on a mission to make money work for everyone. We're waving goodbye to the complicated and confusing ways of traditional banking. After starting as a prepaid card, our product offering has grown a lot in the last 10 years in the UK. As well as personal and business bank accounts, we offer joint accounts, accounts for 16-17 year olds, a free kids account and credit cards in the UK, with more exciting things to come beyond. Our UK customers can also save, invest and combine their pensions with us. With our hot coral cards and get-paid-early feature, combined with financial education on social media and our award winning customer service, we have a long history of creating magical moments for our customers! We're not about selling products - we want to solve problems and change lives through Monzo ❤️ 📍London, Cardiff or Remote in the UK | 💰 £97,800 -125,000 + Benefits | Hear from the team ✨ ⭐Our Borrowing Analytics Engineering Team: Our Mission in Borrowing is to enable people's fi","{'name': 'Data Science', 'slug': 'data-science'}",2026-05-01T16:00:31+00:00,https://remotejobs.org/remote-jobs/lead-analytics-engineer-borrowing-monzo,97800,125000,"$97,800 - $125,000",2026-05-10
RemoteJobs.org,2683725e-7872-486f-8365-a5bd8ed0014e,Staff Data Engineer,Imagine Pediatrics,United States,Remote,Full-time,"Who We Are Imagine Pediatrics is a tech enabled, pediatrician led medical group reimagining care for children with special health care needs. We deliver 24/7 virtual first and in home medical, behavioral, and social care, working alongside families, providers, and health plans to break down barriers to quality care. We do not replace existing care teams; we enhance them, providing an extra layer of support with compassion, creativity, and an unwavering commitment to children with medical complexity. What You'll Do As a Staff Data Engineer at Imagine Pediatrics, you will be the first dedicated Data Engineer on a hybrid team with Analytics Engineers, responsible for defining how data moves through our platform and owning the data pipelines that power clinical analytics, operational reporting, and external integrations. You will ensure that data ingestion and integration decisions are made with a clear understanding of downstream analytical usage, including how data freshness, grain, and ","{'name': 'Data Science', 'slug': 'data-science'}",2026-04-30T16:00:26+00:00,https://remotejobs.org/remote-jobs/staff-data-engineer-imagine-pediatrics,,,,2026-05-10
RemoteJobs.org,34dddedc-4b4a-409b-b8b7-60593aea19c1,Analytics Engineer - Data Modeling Engineeer - Remote (LATAM),FlowMo,Remote,Remote,Contract,"FlowMo builds AI systems that turn business data into real work. getflowmo dot com We work with companies to answer questions like: - What’s driving revenue? - Where are we losing money? - What should we do next? We are not building dashboards. We are building systems that help companies operate. This role is for someone who can take messy data and produce answers quickly using data modeling best practices. Tasks - Build data models using SQL and DBT/LookML-style logic - Answer core business questions such as CAC, LTV, attribution, and revenue drivers - Debug and fix broken or incomplete datasets - Translate business questions into structured data models - Iterate quickly and improve outputs over time - Ship usable results fast, not perfect results slowly Requirements - 2–5+ years working in data modelling in a business context - Experience with data modeling tools (DBT, LookML, or similar) - Comfortable working with messy or incomplete data - Strong written and spoken English - Abilit","{'name': 'Data Science', 'slug': 'data-science'}",2026-04-24T21:59:33+00:00,https://remotejobs.org/remote-jobs/analytics-engineer-data-modeling-engineeer-remote-latam-flowmo,,,,2026-05-10
RemoteJobs.org,dbe93a4b-c61c-4633-8ebd-64a10022c835,Staff Data Scientist | Analytics,Machinify,Remote,Remote,Full-time,"Machinify is a leading healthcare intelligence company with expertise across the payment continuum, delivering unmatched value, transparency, and efficiency to health plan clients across the country. Deployed by over 85 health plans, including many of the top 20, and representing more than 270 million lives, Machinify brings together a fully configurable and content-rich, AI-powered platform along with best-in-class expertise. We’re constantly reimagining what’s possible in our industry, creating disruptively simple, powerfully clear ways to maximize financial outcomes and drive down healthcare costs. What You'll Do - Independently partner with business stakeholders to understand complex operational challenges, build domain context, and frame analytical approaches — without predefined solutions or heavy direction - Perform deep exploratory data analysis across payment operations, chart review workflows, and customer performance metrics to diagnose root causes and identify optimization ","{'name': 'Data Science', 'slug': 'data-science'}",2026-04-24T21:55:18+00:00,https://remotejobs.org/remote-jobs/staff-data-scientist-analytics-machinify,180000,240000,"USD 180,000 - 240,000",2026-05-10
RemoteJobs.org,38568ed0-720e-445e-a549-0b4991e716b3,WorkWave Senior Data Analytics Engineer,WorkWave,Remote,Remote,Full-time,"We are seeking an innovative Senior Data Engineer to join our Startup AI and Data Analytics Business Unit. This role is a critical bridge, connecting technical engineering with business strategy. Beyond just managing tickets or building pipelines, you will take full ownership of the data ecosystem. You will play a pivotal role in supporting our AI/ML initiatives , managing the modern data stack while simultaneously answering critical business questions to ensure data accessibility, reliability, and scalability.","{'name': 'Data Science', 'slug': 'data-science'}",2026-04-24T16:00:29+00:00,https://remotejobs.org/remote-jobs/workwave-senior-data-analytics-engineer-workwave,,,,2026-05-10
RemoteJobs.org,a628e704-dbe4-4491-bd3f-d23e62f56261,Associate Director Solutions,YipitData (Alternative),US Remote,Remote,Full-time,"About Us: YipitData is the leading market research and analytics firm for the disruptive economy and most recently raised $475M from The Carlyle Group at a valuation of over $1B. Every day, our proprietary technology analyzes billions of alternative data points to uncover actionable insights across sectors like software, AI, cloud, e-commerce, ridesharing, and payments. Our data and research teams transform raw data into strategic intelligence, delivering accurate, timely, and deeply contextualized analysis that our customers—ranging from the world’s top investment funds to Fortune 500 companies—depend on to drive high-stakes decisions. From sourcing and licensing novel datasets to rigorous analysis and expert narrative framing, our teams ensure clients get not just data, but clarity and confidence. We operate globally with offices in the US (NYC, Austin, Miami, Mountain View), APAC (Hong Kong, Shanghai, Beijing, Guangzhou, Singapore), and India. Our award-winning, people-centric cultu","{'name': 'Data Science', 'slug': 'data-science'}",2026-04-23T00:01:22+00:00,https://remotejobs.org/remote-jobs/associate-director-solutions-yipitdata-alternative,,,,2026-05-10
RemoteJobs.org,5b6398c4-7333-4ffd-995c-53fcfefdaaca,Manager Healthcare Data Analytics,Habitat Health,Remote,Remote,Full-time,"At Habitat Health, we envision a world where older adults experience an independent and joyful aging journey in the comfort of their homes, enabled by access to comprehensive health care. Habitat Health provides personalized, coordinated clinical and social care as well as health plan coverage through the Program of All-Inclusive Care for the Elderly (“PACE”) in collaboration with our leading healthcare partners, including Kaiser Permanente. Habitat Health offers a fully integrated experience that brings more good days and a sense of belonging to participants and their caregivers. We build engaged, fulfilled care teams to deliver personalized care in our centers and in the home. And we support our partners with scalable solutions to meet the health care needs and costs of aging populations. Habitat Health is growing, and we're looking for new team members who wish to join our mission of redefining aging in place. To learn more, visit https://www.habitathealth.com. Role Scope:","{'name': 'Data Science', 'slug': 'data-science'}",2026-04-21T00:01:57+00:00,https://remotejobs.org/remote-jobs/manager-healthcare-data-analytics-habitat-health,,,,2026-05-10
RemoteJobs.org,db14978c-f6ee-4f17-801b-b70d4e12ffe5,AI Senior Fullstack Engineer,Contentsquare,Germany,Remote,Full-time,"Contentsquare is the all-in-one experience intelligence platform designed to be easily used by anyone who cares about digital journeys. With our flexible and scalable platform, organizations quickly get a deep understanding of their customers’ whole online journey. We are a global leader in the experience analytics space, with a growing presence across 15 offices worldwide. We’re here to stay—and we’re looking for team members who are excited to drive impact and help us scale even further. Our aim is to create an inclusive workplace where everyone learns and succeeds. Contentsquare has built a community of individuals who are daring, understanding, and deliberate. We invite you to join us in making the complex simpler—for our customers, their customers, and each other. Important note: Be careful of scammers pretending to be from Contentsquare. We will never ask for money or contact you through random texts. Any communication from our in house Talent Acquisition team will only ever come","{'name': 'Data Science', 'slug': 'data-science'}",2026-04-17T08:00:35+00:00,https://remotejobs.org/remote-jobs/ai-senior-fullstack-engineer-contentsquare,,,,2026-05-10
RemoteJobs.org,f6760e0c-e282-4e81-ae83-bf4d528746eb,Manager DashMart Supply Chain Strategy & Analytics,DoorDash USA,"New York, NY; San Francisco, CA; Los Angeles, CA; Chicago, IL; Seattle, WA; Tempe, AZ; Washington D.C.",Remote,Full-time,"About the Team Our New Verticals Strategy & Operations team is re-inventing the way consumers think about grocery, convenience, alcohol and retail delivery through both our first-party and third-party operations businesses. DashMarts are our first-party offering designed to provide on-demand deliveries through a new type of convenience. Inside DashMarts we sell household essentials, groceries, brand-name favorites, local favorites and so much more! We have sites all over the country and are growing our geographic footprint, services we offer and scaling our existing sites today! About the Role In this role, you would lead the supply chain optimization flywheel for our DashMart business. This role would own the team responsible for inbound forecast, outbound forecast, and order frequency management, and would be accountable for ensuring these workstreams operate as one coordinated system. The mandate is to improve how demand is forecasted, how that demand translates into ordering and de","{'name': 'Data Science', 'slug': 'data-science'}",2026-04-15T08:00:25+00:00,https://remotejobs.org/remote-jobs/manager-dashmart-supply-chain-strategy-analytics-doordash-usa,,,,2026-05-10
RemoteJobs.org,86487359-bc48-437b-8e1b-d6b46a4c124d,Junior Data Analyst (AI & Data Platform),Everbridge,Remote,Remote,Full-time,"We are seeking a Junior Data Analyst to join our growing Data team, supporting both traditional analytics and emerging AI-driven initiatives. This role is ideal for an early-career professional who is passionate about working with data and eager to build foundational experience in modern data architectures and AI-enabling frameworks, including data mesh and knowledge graph concepts. You will help transform raw data into actionable insights, contribute to scalable data models, and support use cases that power analytics, automation, and AI solutions across the organization. What you'll do: Data Analysis & Insights: - Analyze datasets to identify trends, patterns, and actionable insights - Support business stakeholders with ad hoc analysis and reporting - Translate business questions into structured data queries Dashboarding & Reporting: - Build and maintain dashboards using tools such as Tableau, Power BI, or similar - Ensure clarity, usability, and accuracy of visualizations Data Prepar","{'name': 'Data Science', 'slug': 'data-science'}",2026-04-09T00:48:29+00:00,https://remotejobs.org/remote-jobs/junior-data-analyst-ai-data-platform-everbridge,,,,2026-05-10
RemoteJobs.org,af01a184-a910-4d51-bb04-377af896e560,Staff Analytics Engineer,Boulevard,Remote,Remote,Full-time,"Who is Boulevard? Boulevard provides the first and only client experience platform for appointment-based, self-care businesses. We empower our customers to give their clients more of the magical moments that matter most. Before launching in 2016, our founders spent months interviewing salon managers and working behind front desks to understand their pain points so we could design a modern, user-friendly platform that meets the unique needs of their business. Our roots may be in hair salons, but we are built for the broader self-care industry, including many types of salons, spas, medspa, barbershops, and more. Our technology not only helps our customers survive but thrive. Take a look at how we (and YOU) can make that happen. We have an insatiable curiosity and embrace experimentation. We believe that simple solutions require the most sophistication, and we design each and every detail to maximize potential, power, and impact. Do our values match? Read through our story and what we val","{'name': 'Data Science', 'slug': 'data-science'}",2026-04-09T00:42:41+00:00,https://remotejobs.org/remote-jobs/staff-analytics-engineer-boulevard,183000,225000,"USD 183,000 - 225,000",2026-05-10
RemoteJobs.org,ed1ed04a-56e4-4d0e-873e-c3fc4b1c0fa5,Senior Client Data &amp; Analytics Lead,Kraken,Remote,Remote,Full-time,"Help us use technology to make a big green dent in the universe! Kraken powers some of the most innovative global developments in energy. We’re a technology company focused on creating a smart, sustainable energy system. From optimising renewable generation, creating a more intelligent grid and enabling utilities to provide excellent customer experiences, our operating system for energy is transforming the industry around the world in a way that benefits everyone. It’s a really exciting time in energy. Help us make a real impact on shaping a better, more sustainable future. Kraken Customer What we do: build the most AI-driven, innovative, forward-thinking platform for energy management. From optimizing resources to delivering cost-effective, exceptional customer experiences through advanced Customer Information Systems (CIS), billing, meter data management, CRM, and AI-driven communications, Kraken is powering the next wave of innovation in the energy industry. Why we do it: future ene","{'name': 'Data Science', 'slug': 'data-science'}",2026-04-09T00:01:04+00:00,https://remotejobs.org/remote-jobs/senior-client-data-amp-analytics-lead-kraken,,,,2026-05-10
RemoteJobs.org,78dbb6d3-f496-4330-8684-821ed2884824,Product Manager Data Management &amp; Platform,HHAeXchange,United States,Remote,Full-time,"HHAeXchange is the leading technology platform for home and community-based care. Founded in 2008, HHAeXchange was born out of an idea to create a fully comprehensive end-to-end homecare solution to help people who are aging or have disabilities thrive in their homes and communities. Our employees are passionate about transforming the healthcare space by building the only homecare ecosystem that fully connects patients, personal care providers, managed care organizations, and states. HHAeXchange is seeking a Product Manager, Data Management & Platform to help define, govern, and scale how data is used across our healthcare platform. This role sits at the intersection of Product, Engineering, and Clinical/Financial operations, ensuring that the data powering RCM, EHR, Payroll, Payments, and the Universal Patient Record is accurate, connected, and trusted — and that it serves as a reliable foundation for AI-driven innovation. This is an individual contributor role for a healthcare produc","{'name': 'Data Science', 'slug': 'data-science'}",2026-04-07T00:01:19+00:00,https://remotejobs.org/remote-jobs/product-manager-data-management-amp-platform-hhaexchange,,,,2026-05-10
RemoteJobs.org,32392c40-f00e-441b-8bbe-869c20979419,(Junior-) Data and Business Intelligence Analyst (f/m/x),IONITY GmbH,Remote,Remote,Full-time,"your mission As our Data & Business Intelligence Analyst, you’ll be at the heart of turning data into strategy. Within the Market & Business Intelligence Team, you will take ownership of building and evolving a robust data platform that supports decision-making at all levels of the company. You’ll shape how we gather, analyze, and act on data in a fast-moving, high-growth industry, helping to drive smarter decisions and real-world impact. This is a role for a curious mind with both technical depth and business instinct. Someone who enjoys solving complex problems, building smart solutions, and seeing their work make a tangible difference. What You’ll Do - Transform Data into Impact: Translate strategic business questions into analytical models and data-driven projects. - Build Smart Tools: Design scalable models, algorithms, and tools using advanced analytics and machine learning to solve real business challenges. - Design Dashboards that Matter: Create and maintain powerful, user-frie","{'name': 'Data Science', 'slug': 'data-science'}",2026-04-06T11:59:58+00:00,https://remotejobs.org/remote-jobs/junior-data-and-business-intelligence-analyst-fmx-ionity-gmbh,,,,2026-05-10
RemoteJobs.org,cbddc35c-5fae-4f28-9220-d1e621449e19,Data Scientist Claim Experience Analytics,Extend,"Remote, US",Remote,Full-time,"About Extend: Extend is revolutionizing the post-purchase experience for retailers and their customers by providing merchants with AI-driven solutions that enhance customer satisfaction and drive revenue growth. Our comprehensive platform offers automated customer service handling, seamless returns/exchange management, end-to-end automated fulfillment, and product protection and shipping protection alongside Extend's best-in-class fraud detection. By integrating leading-edge technology with exceptional customer service, Extend empowers businesses to build trust and loyalty among consumers while reducing costs and increasing profits. Today, Extend works with more than 1,000 leading merchant partners across industries, including fashion/apparel, cosmetics, furniture, jewelry, consumer electronics, auto parts, sports and fitness, and much more. Extend is backed by some of the most prominent technology investors in the industry, and our headquarters is in downtown San Francisco. About the ","{'name': 'Data Science', 'slug': 'data-science'}",2026-03-31T00:00:35+00:00,https://remotejobs.org/remote-jobs/data-scientist-claim-experience-analytics-extend,,,,2026-05-10
RemoteJobs.org,df11bf4f-1ae0-4ecc-b6f3-0a26351d8b7d,Senior Staff Data Engineer,SmithRx,Remote,Remote,Full-time,"Who We Are: SmithRx is a rapidly growing, venture-backed Health-Tech company. Our mission is to disrupt the expensive and inefficient Pharmacy Benefit Management (PBM) sector by building a next-generation drug acquisition platform driven by cutting edge technology, innovative cost saving tools, and best-in-class customer service. With hundreds of thousands of members onboarded since 2016, SmithRx has a solution that is resonating with clients all across the country. We pride ourselves for our mission-driven and collaborative culture that inspires our employees to do their best work. We believe that the U.S healthcare system is in need of transformation, and we come to work each day dedicated to making that change a reality. At our core, we are guided by our company values: - Integrity: Our purpose guides our actions and gives us confidence in the path ahead. With unwavering honesty and dependability, we embrace the pressure of challenging the old and exemplify ethical leadership to cre","{'name': 'Data Science', 'slug': 'data-science'}",2026-03-28T00:00:09+00:00,https://remotejobs.org/remote-jobs/senior-staff-data-engineer-smithrx,,,,2026-05-10
RemoteJobs.org,d092b91d-92ea-4bd5-a453-b322160f5b26,Client Partner Enterprise Platform Sales,Aera Technology,"Boston, MA, USA",Remote,Full-time,"Aera Technology is a pioneer in the growing category of Decision Intelligence Platforms and a Leader in the Gartner® Magic Quadrant™ for 2026– the technology to digitize, augment, and automate decision-making processes with AI and machine learning. Through our AI decision automation platform, Aera Decision Cloud™, we are helping the best-known brands in the world make smarter, faster decisions. The need for decision intelligence has never been greater. The digitization of the economy has introduced a paradox: Companies today are awash in data, yet the velocity, volume, and complexity of that information is outpacing their ability to make decisions with the speed and precision that today’s business environment demands. Decision intelligence represents the critical shift — moving from people making decisions with machine support to machines making decisions guided by people. As the digital economy accelerates into an era defined by agentic AI, this shift has become a competitive necessit","{'name': 'Data Science', 'slug': 'data-science'}",2026-03-13T00:00:04+00:00,https://remotejobs.org/remote-jobs/client-partner-enterprise-platform-sales-aera-technology,,,,2026-05-10
RemoteJobs.org,1b56c983-1f88-4d73-91c4-219883fe9a2e,AI Senior Engineer - Vision,Able,Remote,Remote,Full-time,"Back in 2012, we were a group of engineers and designers who decided we wanted to build things—so we did. Able started as an engineering and product hub building for a portfolio of early-stage startups. We built many relationships while developing products that were thoughtful, effective, and genuinely useful. But, since then, we’ve grown… and so has our ambition. Now, we’re entering our next chapter—defined by applied AI. AI is a powerful force in the end-to-end software development cycle, and we’re creating practices that allow us to deliver software fast and more effectively than traditional approaches, creating meaningful value for our partners. Today, our builder mindset is driving us to become an AI-native organization across every function. We’re still evolving, and that’s part of the opportunity. If you want to build, learn, and tackle challenges alongside an ambitious team, let’s build together. This position is 100% remote within LatAm. What you’ll be doing We are seeking som","{'name': 'Programming', 'slug': 'programming'}",2026-05-09T00:01:46+00:00,https://remotejobs.org/remote-jobs/ai-senior-engineer-vision-able,,,,2026-05-10
RemoteJobs.org,fdafc9cf-f4a4-4730-a840-ebb3bfacb7c9,"Director, Growth Marketing",PDQ,Remote,Remote,Full-time,"About PDQ PDQ, founded in Salt Lake City, UT, USA, makes device management simple, secure, and Pretty Damn Quick through our products Deploy, Inventory, Connect, Detect, SimpleMDM and SmartDeploy. IT teams use our products to reduce complexity, improve efficiency, and enhance control in their unique environments. We are backed by TA Associates and Berkshire Partners, top-tier global private equity firms. PDQ's Core Values: Honesty, Ownership, Collaboration and Improvement Job Description: - Before you apply, please note: - - This is a remote role open to candidates residing in any of PDQ's open states (*see below for a list). The Director, Growth Marketing will lead the strategy and execution of acquisition, demand generation, and customer marketing to achieve PDQ’s pipeline and revenue goals. This is a highly cross-functional role, requiring both creative and analytical thinking in partnership with leaders across Marketing, Sales, Rev Ops, Customer Success, and Product. The Director, ","{'name': 'Programming', 'slug': 'programming'}",2026-05-09T00:01:31+00:00,https://remotejobs.org/remote-jobs/director-growth-marketing-pdq,,,,2026-05-10
RemoteJobs.org,aa3dd099-881a-4cd8-b829-099bdab39759,Patient Care Advisor - Remote,Sun River Health,Remote,Remote,Full-time,"Sun River Health provides the highest quality of comprehensive primary, preventative and behavioral health services to all who see it, regardless of insurance status and ability to pay, especially for the underserved and vulnerable. Sun River Health is a Federally Qualified, Non-Profit Health Center serving communities in Suffolk, Rockland, Orange, Dutchess, Ulster, Sullivan, Columbia and Westchester County. Sun River Health is currently seeking a full-time remote Call Center Patient Care Advisor. The Call Center Agent will assist in presenting the “Face/Voice” of Company’s services to our current and potential patient populations. He/she will coordinate scheduling medical, Mental Health and COVID related appointments for all Primary Care sites. This position is responsible for providing patient centered care and facilitating patient access to services in a pleasant, knowledgeable efficient manner, communicating with a diverse population using well-developed interpersonal skills. This ","{'name': 'Programming', 'slug': 'programming'}",2026-05-09T00:01:31+00:00,https://remotejobs.org/remote-jobs/patient-care-advisor-remote-sun-river-health,41600,48110,"USD 41,600 - 48,110.4",2026-05-10
RemoteJobs.org,4a49f569-a89b-4866-b3da-b3ff93a216a3,Software Engineer II,Precision Medicine Group,Remote,Remote,Full-time,"Position Summary: The candidate will be responsible for the configuration and delivery of client-facing applications. The candidate may assist with support for the development of process enhancements under the guidance of the Sr. Software Engineer and the Manager, Technical Operations. Responsibilities will also include day-to-day maintenance of the health care application systems in operation, including tasks related to identifying and troubleshooting application issues and issues resolution or escalation, root cause analysis, manage communication and client relationship management in partnership with Infrastructure Service Support team members. Essential functions of the job include but are not limited to: - Configure client-facing applications exactly as per requirements gathered by engagement teams and follow the Medical, Legal, Regulatory (MLR) guidelines in this process. - Update client-facing applications exactly as per requirements gathered by engagement teams and follow the Me","{'name': 'Programming', 'slug': 'programming'}",2026-05-09T00:01:20+00:00,https://remotejobs.org/remote-jobs/software-engineer-ii-precision-medicine-group,,,,2026-05-10
RemoteJobs.org,055f99fe-2eeb-4f41-8652-c855b9f6a4c1,Sr. Epic Certified Systems Analyst - ClinDoc,Inova Health,Remote,Remote,Full-time,"The Sr. Epic Certified Systems Analyst - ClinDoc implements and maintains EpicCare systems and databases to ensure optimum performance and manages complex IT projects/products to provide automated solutions that meet Inova Health System's business needs using the EpicCare solution. Requirements - Bachelor's degree - 3 years of Epic build and implementation experience - 3 years of project management techniques in hospital or healthcare environments - Epic ClinDoc certification Benefits - Committed to Team Member Health: offering medical, dental and vision coverage, and a robust team member wellness program. - Retirement: Inova matches the first 5% of eligible contributions – starting on your first day. - Tuition and Student Loan Assistance: offering up to $5,250 per year in education assistance and up to $10,000 for student loans. - Mental Health Support: offering all Inova team members, their spouses/partners, and their children 25 mental health coaching or therapy sessions, per person","{'name': 'Programming', 'slug': 'programming'}",2026-05-08T23:59:42+00:00,https://remotejobs.org/remote-jobs/sr-epic-certified-systems-analyst-clindoc-inova-health,,,,2026-05-10
RemoteJobs.org,e6756ce7-f1b6-4c24-82d7-345b03462b9b,"Director of Product, Lab",Fundraise Up,Remote,Remote,Full-time,"Highlights - Location: Georgia, Remote (core hours 9:00–18:00 CET) - Stock options - Languages: Fluent in English and Russian - Reports to VP, Product About Fundraise Up Fundraise Up is a global fundraising platform that powers tens of millions of dollars in donations every month for leading nonprofits — including UNICEF, the Alzheimer's Association, and a wide range of global NGOs. We're known for product quality, performance, and a 4.9/5 rating across top review platforms. As we scale the core, we're deliberately investing in high-risk, high-upside product bets that could define the future of digital fundraising. That's where the Lab comes in. The Lab The Lab is Fundraise Up's 0→1 track. It operates ahead of the roadmap, investigating opportunities driven by new technologies, AI, data, and infrastructure shifts — often before there's a clear buyer or demand signal. The Lab does not run scaled products. It finds, validates, and hands off the ones worth scaling. The Role This is a play","{'name': 'Programming', 'slug': 'programming'}",2026-05-08T23:58:05+00:00,https://remotejobs.org/remote-jobs/director-of-product-lab-fundraise-up,,,,2026-05-10
RemoteJobs.org,6103dbd7-bab9-47c4-9f39-4959357def46,Presale Software Planner **US Remote**,Siemens Healthineers,Remote,Remote,Full-time,"Join us in pioneering breakthroughs in healthcare. For everyone. Everywhere. Sustainably. Our inspiring and caring environment forms a global community that celebrates diversity and individuality. We encourage you to step beyond your comfort zone, offering resources and flexibility to foster your professional and personal growth, all while valuing your unique contributions. Job Description: The Pre-Sales Software Planner partners internally with Sales, Service and Project Management teams and engages with Varian's customers in a pre-sales capacity to establish customer requirements and expectations, ensure project and quote readiness, develop detailed project-specific deliverables detailing requirements, roles and responsibilities and implementation options and high-level timelines. The Role/Attributes: The Pre-Sales Solution Architect will independently partner with Sales, Service, and SW Upgrades teams to engage with customers in a pre-sales planning capacity in developing detailed S","{'name': 'Programming', 'slug': 'programming'}",2026-05-08T23:58:05+00:00,https://remotejobs.org/remote-jobs/presale-software-planner-us-remote-siemens-healthineers,89220,122672,"USD 89,220 - 122,672",2026-05-10
RemoteJobs.org,ead42ff9-13ec-43f8-8587-fd129dc240a6,VP of Hotel Technology Sales,Aquiva Labs,Remote,Remote,Full-time,"Hapi (Data Travel, LLC) is a company that specializes in data integration for hospitality companies and their technology partners. We are looking for a VP of Sales, based in the United States. This position requires a deep understanding of selling into enterprise global hotel groups, with particular focus in the United States.It is preferred that the candidate be based in the United States, ideally within the Eastern or Central time zone. The position will report directly to the SVP of Revenue and Growth. This position does not offer visa sponsorship. Applicants must be authorized to work in the United States. Key Responsibilities - Prospecting and Lead Generation : This is a hunting role that is responsible for identifying and prospecting new logo business - Sales Strategy : Develop and implement sales strategies to drive revenue growth - Cross Function Collaboration: Collaborate with other departments, such as marketing, account management and customer success to ensure a cohesive an","{'name': 'Programming', 'slug': 'programming'}",2026-05-08T23:57:15+00:00,https://remotejobs.org/remote-jobs/vp-of-hotel-technology-sales-aquiva-labs,,,,2026-05-10
RemoteJobs.org,1ad84617-60ac-4929-924a-b8432890c210,Sr. Network Engineer,Cision,Remote,Remote,Full-time,"At Cision, we believe in empowering every individual to make an impact. Here, your voice is heard, your ideas are valued, and your unique perspective fuels our collective success. As part of our global team, you'll thrive in an environment that champions curiosity, collaboration, and innovation, all while making meaningful contributions to the brands we accelerate. Join us in shaping the future of communication and building authentic connections that matter. Whether you're solving complex problems or driving bold innovations, your growth is our success, and together, we’ll create the conversations of tomorrow. Empower your impact at Cision. Be seen, be understood, be you. Job Summary: We are seeking a Sr Network Engineer to design, implement, and operate highly reliable network infrastructure across both cloud and on-premises environments. This role requires strong expertise in networking, cloud architectures, and network automation. You will work as a key technical contributor within ","{'name': 'Programming', 'slug': 'programming'}",2026-05-08T23:56:31+00:00,https://remotejobs.org/remote-jobs/sr-network-engineer-cision,,,,2026-05-10
RemoteJobs.org,bc51eb4d-9035-4108-8e37-b6e801f9e370,Head of Finance,FYST,Remote,Remote,Full-time,"## About the Role We are looking for an experienced Head of Finance with a strong understanding of Cyprus financial and tax legislation to oversee the company’s financial strategy, reporting, and operational efficiency. The ideal candidate will combine technical accounting expertise with strategic financial leadership, supporting both day-to-day operations and long-term business planning, and will be managing Finance, Treasury, Reconciliation, and Analytics Depts. WHAT YOU'LL BE WORKING ON- Lead the consolidation of financial statements (P&L, Balance Sheet, Cash Flow) across all entities within the holding structure. - Manage financial and management accounting, ensuring accuracy and compliance with Cypriot and international standards (IFRS). - Manage and coordinate the annual audit process with external auditors in Cyprus. - Drive the implementation and transition to a new accounting/reporting system, including automation and optimization of financial processes. - Manage tax planning ","{'name': 'Programming', 'slug': 'programming'}",2026-05-08T23:56:10+00:00,https://remotejobs.org/remote-jobs/head-of-finance-fyst,,,,2026-05-10
RemoteJobs.org,28740b47-cf48-447a-b18e-1cd5ce46e077,Senior Workplace Engineer with German,Accesa & RaRo,Remote,Remote,Full-time,"Our client is a trusted partner in the financial-banking sector in Germany, both in the public and private sectors who offers services for over 150,000 banking workstations and for more than 4,500 employees. It covers over 60% of banking sector in Germany. Responsibilities - M365 Knowledge: As a Senior Workplace Engineer, your primary focus will be ensuring optimal performance and uptime for key M365 services, particularly Teams, SharePoint, OneDrive, O365, and Exchange/Outlook Client. You will regularly monitor these services to maintain and enhance their reliability and efficiency. - Issue Resolution and Troubleshooting: Provide advanced support for M365-related issues by diagnosing and resolving technical problems promptly to minimize disruption and ensure a seamless user experience. - System Upgrades and Enhancements: Conduct essential upgrades, patches, and enhancements across the M365 environment to maintain system integrity and performance. Ensure all services are up to date and","{'name': 'Programming', 'slug': 'programming'}",2026-05-08T23:56:10+00:00,https://remotejobs.org/remote-jobs/senior-workplace-engineer-with-german-accesa-raro,,,,2026-05-10
RemoteJobs.org,89d2fd22-9921-4460-b978-0291a8a15fd3,B2B Sales Development Representative - Nordic Languages,Huzzle,Remote,Remote,Full-time,"We are seeking an experienced Sales Development Representative with exposure to the renewable energy industry to support outbound sales efforts, account management activities, and customer engagement initiatives across international markets. Requirements - Manage outbound sales outreach and prospect engagement activities. - Build and maintain strong client relationships through proactive communication and account management. - Support lead generation and sales pipeline activities using structured sales processes. - Deliver exceptional customer service throughout the client lifecycle. - Maintain accurate CRM records and sales activity tracking using Salesforce and Salesloft. - Collaborate closely with internal sales and customer success teams to ensure seamless client experiences. - Handle multiple priorities and client accounts in a fast-paced global sales environment. - Support business growth initiatives within the renewable energy sector. Benefits - Fully remote role with flexible w","{'name': 'Programming', 'slug': 'programming'}",2026-05-08T23:56:09+00:00,https://remotejobs.org/remote-jobs/b2b-sales-development-representative-nordic-languages-huzzle,,,,2026-05-10
RemoteJobs.org,8a942167-2741-42ca-b6fe-4b4135dc379c,Channel Manager - USA/ Canada,RamSoft,Remote,Remote,Full-time,"AboutRamSoft RamSoft is a Canadian medical imaging software company with over 30 years of innovation in PACS, RIS, and AI-powered diagnostic imaging. Our flagship platforms — PowerServer and OmegaAI — are deployed by healthcare providers across North America, LATAM, EMEA, MENA, APAC, and Africa. We are growing our global indirect channel program and looking for a high-impact Channel Manager to lead our USA and Canadian reseller ecosystem. The Role This is a dual mandate role: you will both recruit new reseller and value-added reseller (VAR) partners across the USA and Canada, and manage and grow existing partnerships. You will serve as the primary liaison between RamSoft and our North American channel partners, driving pipeline generation, reseller enablement, and deal progression. You will report directly to the Director of Indirect Channel Sales and work closely with technical enablement, marketing, and the broader global channel team. Key Responsibilities Partner Recruitment - Ident","{'name': 'Programming', 'slug': 'programming'}",2026-05-08T23:55:11+00:00,https://remotejobs.org/remote-jobs/channel-manager-usa-canada-ramsoft,,,,2026-05-10
RemoteJobs.org,ed7dcbc0-2677-4d47-b9b0-2b38fea18be7,"Sourcing Manager, Soft Home (NA)",Quince,Remote,Remote,Full-time,"ABOUT QUINCE Founded in 2018, Quince was built to challenge the idea that nice things have to cost a lot. Our mission is simple: to make really high quality essentials for really low prices, produced fairly and sustainably. We believe everyone deserves exceptional craftsmanship and timeless design without the traditional markups. Quince is a direct-to-consumer (DTC) model that cuts out middlemen and leverages just-in-time manufacturing to minimize waste and maximize value. Quince is a tech company disrupting the retail industry by putting AI, analytics and automation at the center of everything we do. Our unwavering commitment to excellence and company values guide our teams and actions: - Customer First: We prioritize customer satisfaction in every decision. - High Quality: True quality means premium materials and rigorous production standards you can feel good about. - Essential Design: We focus on timeless, functional essentials instead of chasing trends. - Always a Better Deal: Inn","{'name': 'Programming', 'slug': 'programming'}",2026-05-08T23:54:41+00:00,https://remotejobs.org/remote-jobs/sourcing-manager-soft-home-na-quince,120000,150000,"USD 120,000 - 150,000",2026-05-10
RemoteJobs.org,b2624bc5-b7d7-4e6e-bcb9-c666fcde35f2,Director Security Engineer | DevSecOps,Wellhub,Remote,Remote,Full-time,"Your wellbeing, our mission. Join a company shaping a healthier world. ## Get to Know Us At Wellhub we're revolutionizing workplace wellness. Our platform connects employees worldwide to the best partners for fitness, mindfulness, therapy, nutrition, and sleep—all in one simple subscription. Headquartered in NYC with team members in 11 countries, we’re on a mission to make every company a wellness company. We believe work should be fulfilling, inspiring, and balanced. Here, you’ll find a team that values wellbeing, collaboration, and different perspectives, where passion and creativity push boundaries to create real impact. Your contributions will help shape a healthier, more balanced world for you and millions of people globally. Join us in redefining the future of wellbeing! ## The Opportunity We are hiring a Director of Security Engineering for our InformationSecurity team in Portugal! This is a Remote – Portugal position, meaning you can work from anywhere within the country. Pleas","{'name': 'DevOps', 'slug': 'devops'}",2026-05-08T23:54:27+00:00,https://remotejobs.org/remote-jobs/director-security-engineer-devsecops-wellhub,,,,2026-05-10
RemoteJobs.org,1753013d-3585-4e3a-9ede-57d398b1185b,"Director, Social Commerce",Advertise Purple,Remote,Remote,Full-time,"Role Overview The Director of Social Commerce leads the agency’s TikTok Shop department and owns the strategy, execution, growth, and operational development of TikTok Shop services across the client portfolio. This role is responsible for building and scaling a best-in-class social commerce offering that drives revenue for clients, strengthens creator partnerships, improves client retention, and positions the agency as a leading TikTok Shop management partner. This role oversees the full TikTok Shop lifecycle, including shop setup, product and listing optimization, affiliate program strategy, creator recruitment, sample management, campaign planning, paid amplification, performance reporting, and client-facing strategic recommendations. The Director of Social Commerce also manages internal team members, develops scalable systems and processes, evaluates tools and platform updates, and ensures the department operates efficiently as the client roster grows. Core Responsibilities Departm","{'name': 'Programming', 'slug': 'programming'}",2026-05-08T23:53:31+00:00,https://remotejobs.org/remote-jobs/director-social-commerce-advertise-purple,,,,2026-05-10
RemoteJobs.org,9e813832-9aca-42bf-b6d9-1aab9c656dab,Customer Marketing Manager,Keyloop,Remote,Remote,Full-time,"Keyloop bridges the gap between dealers, manufacturers, technology suppliers and car buyers.We empower car dealers and manufacturers to fully embrace digital transformation. How? By creating innovative technology that makes selling cars better for our customers, and buying and owning cars better for theirs.We use cutting-edge technology to link our clients’ systems, departments and sites. We provide an open technology platform that’s shaping the industry for the future. We use data to help clients become more efficient, increase profitability and give more customers an amazing experience. Want to be part of it?Purpose of the role The Customer Marketing Manager is a strategic and commercially driven leader responsible for driving growth, retention, and innovation across Keyloop’s Marketing Services offering. You will lead the Marketing Account Management and Paid Social teams across all markets, ensuring the successful delivery and continuous optimisation of multi-channel marketing solu","{'name': 'Programming', 'slug': 'programming'}",2026-05-08T23:51:49+00:00,https://remotejobs.org/remote-jobs/customer-marketing-manager-keyloop,,,,2026-05-10
RemoteJobs.org,455705e3-f980-4299-b1c3-8d3cd68af907,Remote | Public Health Program & Epidemiology Workflow Specialist — $50–$75/hour,24-MAG,Remote,Remote,Contract,"We are sharing a specialised part-time consulting opportunity for professionals experienced in public health, epidemiology, surveillance, health policy, program evaluation, population health, and structured public-health workflow review. This role supports current and upcoming remote consulting opportunities focused on structured public health review, surveillance documentation, program evaluation materials, health policy analysis, grant and reporting workflows, outbreak documentation, and high-quality project execution. Selected professionals will apply their public health expertise to review realistic public-health scenarios, evaluate documentation requirements, prepare structured written outputs, and support accurate, evidence-based public-health workflow tasks. Key Responsibilities Professionals in this role may contribute to: Epidemiology, Surveillance & Outbreak Review - Review public-health scenarios involving surveillance summaries, outbreak write-ups, epidemiologic data, healt","{'name': 'Programming', 'slug': 'programming'}",2026-05-08T23:51:40+00:00,https://remotejobs.org/remote-jobs/remote-public-health-program-epidemiology-workflow-specialist-5075hour-24-mag,104000,156000,"USD 104,000 - 156,000",2026-05-10
RemoteJobs.org,1af3c435-2ff9-4564-9abb-5d8401fc24a1,Freelance Head of SEO (Strategic Lead),Netenders,Remote,Remote,Full-time,"The Role We are looking for a freelance Head of SEO with a strong strategic vision to take full responsibility for our organic growth. Beyond day-to-day execution, you will be the driving force behind our search engine performance. The goal is clear: to move beyond a “traffic for traffic’s sake” mindset and drive revenue growth through a structured, data-driven SEO strategy. Key Responsibilities - Strategy Development: Develop and lead the overall SEO strategy (technical, on-page, and off-page), aligned with the 2026 business objectives. - Technical Excellence: Conduct in-depth audits (Core Web Vitals, crawlability, indexing) and collaborate closely with technical teams to ensure an optimal SEO foundation. - Content Strategy: Oversee the development of topical authority by going beyond keywords, using search intent clusters and content aligned with EEAT principles. - AI Integration: Implement AI-assisted workflows to scale operations (content briefs, data analysis, internal linking), w","{'name': 'Programming', 'slug': 'programming'}",2026-05-08T23:51:19+00:00,https://remotejobs.org/remote-jobs/freelance-head-of-seo-strategic-lead-netenders,,,,2026-05-10
RemoteJobs.org,052582f9-672c-4d88-8ed5-8db3e7939c94,"Pharmacy Technician, Refill Services - Remote",ArchWell Health,Remote,Remote,Full-time,"ArchWell Health is a new, innovative healthcare provider devoted to improving the lives of our senior members. We deliver best-in-class care at comfortable, accessible neighborhood clinics where seniors can feel at home and become part of a vibrant, wellness-focused community. Requirements - High school diploma or equivalent education (GED) required - Registered Pharmacy Technician with a state board of pharmacy - A minimum of 2 years of experience in operational pharmacy benefits (health plan or PBM), clinic setting, high volume call center, or retail pharmacy Benefits - Generous Paid Time Off - 401k Matching - Retirement Plan - Visa Sponsorship - Four Day Work Week - Generous Parental Leave - Tuition Reimbursement - Relocation Assistance","{'name': 'Programming', 'slug': 'programming'}",2026-05-08T23:51:14+00:00,https://remotejobs.org/remote-jobs/pharmacy-technician-refill-services-remote-archwell-health,,,,2026-05-10
RemoteJobs.org,6b8c6ae4-9c56-40e7-a600-2617dfc44f0b,Customer Service Specialist | Upto $160/hr,mercor,Remote,Remote,Full-time,"Mercor is seeking a Customer Service Specialist to work on high-impact projects, providing structured feedback and utilizing analytical skills to enhance document evaluation projects. The ideal candidate will have a Bachelor's degree, 2+ years of experience, and strong proficiency in Excel, PowerPoint, and Word. Requirements - Bachelor's degree (minimum) - 2+ years of professional experience in a relevant domain - Strong proficiency in Excel, PowerPoint, and Word - Strong document analysis and review skills - Attention to detail and ability to follow structured guidelines Benefits - Relocation Assistance","{'name': 'Programming', 'slug': 'programming'}",2026-05-08T23:50:52+00:00,https://remotejobs.org/remote-jobs/customer-service-specialist-upto-160hr-mercor,160000,320000,"USD 160,000 - 320,000",2026-05-10
RemoteJobs.org,bc879497-cce8-4a4b-8655-1cc9b92f34c9,Social Media Manager,Pavago,Remote,Remote,Full-time,"We're hiring a creative, execution-focused Social Media Manager to own strategy, content execution, engagement, and performance across multiple social platforms. Requirements - 2+ years of professional social media management experience - Strong experience managing LinkedIn, Instagram, TikTok, Facebook, X (Twitter), and/or YouTube accounts - Proficiency with scheduling and analytics tools such as Hootsuite, Sprout Social, Buffer, or HubSpot - Strong copywriting, editing, and communication skills - Experience creating or coordinating visual and video content - Familiarity with Canva or Adobe Creative Suite - Strong understanding of engagement metrics and social media KPIs Benefits - Generous Paid Time Off - 401k Matching - Retirement Plan - Visa Sponsorship - Four Day Work Week - Generous Parental Leave - Tuition Reimbursement - Relocation Assistance","{'name': 'Programming', 'slug': 'programming'}",2026-05-08T23:50:42+00:00,https://remotejobs.org/remote-jobs/social-media-manager-pavago,,,,2026-05-10
RemoteJobs.org,5a3fcdb0-fef2-41c5-923a-16455566eda6,"Senior Director and Senior Counsel, Head of Global Labor and Employment",GoDaddy,Remote,Remote,Full-time,"We're looking for a Senior Counsel and Senior Director, Head of Global Labor and Employment to join our team at GoDaddy! In this role, you'll lead our global labor law function by coordinating a team spanning the U.S. and international markets—while staying actively involved in complex, high-impact employment matters. Requirements - J.D. from an accredited law school and active bar membership in at least one state (Arizona, California, Texas, and/or Washington license(s) a plus) - 15 plus years of employment law experience, including significant in-house experience supporting a global organization - Deep expertise in U.S. and international employment law, with demonstrated experience managing matters across multiple jurisdictions (EMEA and/or APAC), including familiarity with works councils or similar labor structures (Germany experience preferred) Benefits - Comprehensive benefits package, including medical, dental, and vision insurance - 401(k)-retirement plan - Paid sick time - Paid","{'name': 'Programming', 'slug': 'programming'}",2026-05-08T23:50:16+00:00,https://remotejobs.org/remote-jobs/senior-director-and-senior-counsel-head-of-global-labor-and-employment-godaddy-himala,177500,384500,"USD 177,500 - 384,500",2026-05-10
RemoteJobs.org,867c5083-4497-4e3e-922b-6ee009083ccc,Business Development Manager – GPU and Neo-Cloud Sales,Impossible Cloud,Remote,Remote,Full-time,"We are building a cloud object storage similar to AWS S3, now optimized for AI and compute. We need a Business Development Manager to run high-volume outbound to AI startups, model labs, and enterprise AI buyers, and close deals. The successful candidate will be a hunter who gets excited by high hustle, high volume, and million-dollar deals. Requirements - SDR or transactional sales background with a track record of hitting targets - Full-cycle closing experience - Comfortable with speed and ambiguity - Basic understanding of the GPU compute landscape - Early-stage startup experience - Fluent English Benefits - Competitive salary - Direct engagement in success through an ESOP - Clear and transparent career progression scheme - Fast track promotion opportunity - Prime growth-stage company - Experienced and passionate team - Vibrant office with free brain food and a canteen - Subsidized premium gym membership - Monthly team meet-ups","{'name': 'Programming', 'slug': 'programming'}",2026-05-08T23:49:34+00:00,https://remotejobs.org/remote-jobs/business-development-manager-gpu-and-neo-cloud-sales-impossible-cloud,,,,2026-05-10
RemoteJobs.org,300a667d-ea2f-4cc4-b621-b00a92de3344,"Director, Business Development - Biospecimen",Precision Medicine Group,Remote,Remote,Full-time,"Position Summary: The Director, Business Development (Biospecimen Solutions) is responsible for identifying, engaging, developing, and closing significant business opportunities for Precision Biospecimen Solutions in the assigned area of responsibility and/or region. Essential functions of the job include but are not limited to: - Identifies opportunities for Biospecimen products and services, with an emphasis on biofluids, prospective collections, tissues, cells and other specialty- and central-lab service offerings - Builds and maintains relationship and organization map for assigned and identified new Key Clients - Retain and grow existing account base through the identification of new opportunities and exploring potential cross selling across the Precision Translational Sciences portfolio - Follow up on all marketing leads and website inquiries to qualify leads - Prospects for new clients, as appropriate, within the given geographic market to ensure a robust pipeline of opportuniti","{'name': 'Programming', 'slug': 'programming'}",2026-05-08T23:49:20+00:00,https://remotejobs.org/remote-jobs/director-business-development-biospecimen-precision-medicine-group,174000,261000,"USD 174,000 - 261,000",2026-05-10
RemoteJobs.org,5496bbe2-cef7-4be0-8d1e-62daaacb584c,M&A Technology Integration Director,U.S. Bank,Remote,Remote,Full-time,"At U.S. Bank, we’re on a journey to do our best. Helping the customers and businesses we serve to make better and smarter financial decisions and enabling the communities we support to grow and succeed. We believe it takes all of us to bring our shared ambition to life, and each person is unique in their potential. A career with U.S. Bank gives you a wide, ever-growing range of opportunities to discover what makes you thrive at every stage of your career. Try new things, learn new skills and discover what you excel at—all from Day One. Job Description U.S. Bank is seeking a Merger & Acquisitions Technology Director. The M&A Technology Integration Director will serve as the primary technology integration leader for mergers, acquisitions, and divestitures, accountable for end‑to‑end technology integration strategy, execution, and value realization while ensuring regulatory, risk, and security expectations are met. The Integration Lead acts as the single point of accountability across tec","{'name': 'Programming', 'slug': 'programming'}",2026-05-08T23:49:20+00:00,https://remotejobs.org/remote-jobs/ma-technology-integration-director-us-bank,,,,2026-05-10
RemoteJobs.org,91337f77-e186-4dfb-a901-2a46985079ca,Freelance Agent Evaluation Engineer,Mindrift,Remote,Remote,Part-time,"Please submit your CV in English and indicate your level of English proficiency. Mindrift connects specialists with project-based AI opportunities for leading tech companies, focused on testing, evaluating, and improving AI systems. Participation is project-based, not permanent employment. What this opportunity involves We're building a dataset to evaluate AI coding agents — how well a model handles real-world developer tasks. You'll create challenging tasks and evaluation criteria within realistic simulated environments: - Build virtual companies following a high-level plan - codebase, infrastructure, and context (conversations, documentation, tickets) that form a realistic environment with development history - Assemble and calibrate tasks from intermediate states of the virtual company: craft the prompt, define evaluation criteria, and ensure the task is solvable and the evaluation is fair - Design tasks set in isolated environments - emulations of a developer's workstation: a Linux","{'name': 'Programming', 'slug': 'programming'}",2026-05-08T23:48:43+00:00,https://remotejobs.org/remote-jobs/freelance-agent-evaluation-engineer-mindrift,93600,93600,"USD 93,600 - 93,600",2026-05-10
RemoteJobs.org,7bbd58c9-6bc3-4da1-a949-196892c7cf90,Imaging Research Associate I,Clario,Remote,Remote,Full-time,"Clario, a part of Thermo Fisher Scientific, is a leading provider of endpoint technology solutions for clinical trials. We combine deep scientific expertise with advanced technology to deliver reliable, high‑quality clinical trial outcomes. We are seeking an Imaging Research Associate I to support imaging and IQC activities across global clinical studies, ensuring accuracy, compliance, and timely delivery of study milestones. What We Offer - Competitive compensation aligned to the local market - Comprehensive benefits package in accordance with Costa Rica employment standards - Exposure to global clinical trials and cross‑functional collaboration - Structured onboarding, training, and professional development opportunities - .A collaborative, quality‑driven, and inclusive work environment. What You’ll Be Doing - Coordinate site and operational activities from study start‑up through study close to support high‑quality study delivery - Assist with preparation and distribution of study ma","{'name': 'Programming', 'slug': 'programming'}",2026-05-08T23:48:14+00:00,https://remotejobs.org/remote-jobs/imaging-research-associate-i-clario,,,,2026-05-10
RemoteJobs.org,bb560219-fea7-4b5a-8e1b-18314f5166f2,"Product Manager, Core App",ONE,Remote,Remote,Full-time,"OnePay is a consumer fintech company that aims to fix the broken financial system. We're looking for a Product Manager to own the product strategy and roadmap for personalization and experimentation across the customer experience. Requirements - 5+ years of product management experience in consumer tech or fintech - Experience building personalization, recommendation systems, or growth/experimentation platforms - Strong product sense paired with data fluency; comfortable defining metrics and using data to drive decisions - Track record of shipping 0→1 and iterating on product systems that scale - Deep understanding of current AI tools and how to leverage them effectively Benefits - Competitive base salary - Stock options - Health benefits - 401(k) plan with company match - Flexible time off (FTO) - Opportunities for growth","{'name': 'Programming', 'slug': 'programming'}",2026-05-08T23:47:46+00:00,https://remotejobs.org/remote-jobs/product-manager-core-app-one,,,,2026-05-10
RemoteJobs.org,5fa08dfd-911d-4ad5-9fae-da4682b19b3b,Data Annotation Expert - Fully Remote,mercor,Remote,Remote,Contract,"About the job Mercor connects elite creative and technical talent with leading AI research labs. Headquartered in San Francisco, our investors include Benchmark, General Catalyst, Peter Thiel, Adam D'Angelo, Larry Summers, and Jack Dorsey. Position: Data Annotation Specialist Type:Contract Compensation:$23–$30/hour Commitment:20 hours/week Role Responsibilities - Synthesize information from large volumes of data to enhance AI model performance. - Annotate and categorize text, images, and other data according to detailed guidelines. - Apply predefined rubrics and taxonomies to produce structured, high-quality outputs. - Flag inconsistencies, ambiguities, or errors in datasets to improve data quality. - Contribute to the improvement of AI systems through consistent annotation work. Qualifications Must-Have - Ability to synthesize complex or high-volume information into structured formats. - Strong critical reasoning, reading comprehension, and written communication skills. - A college de","{'name': 'Programming', 'slug': 'programming'}",2026-05-08T23:47:21+00:00,https://remotejobs.org/remote-jobs/data-annotation-expert-fully-remote-mercor,47840,62400,"USD 47,840 - 62,400",2026-05-10
RemoteJobs.org,9c7f700b-ddd3-4d8c-b23f-4bfbb177ef51,Senior ServiceNow Administrator,Apside,Remote,Remote,Full-time,"We are looking for a Senior ServiceNow Administrator to manage and optimize our ServiceNow platform. The ideal candidate will have at least 7 years of experience in ServiceNow administration and will be able to lead initiatives aimed at improving the platform’s performance and security. Responsibilities: - Manage the configuration and day-to-day administration of the ServiceNow platform, ensuring its performance and stability. - Monitor platform performance and quickly resolve technical issues to ensure optimal service. - Implement software updates, fix bugs, and make functional adjustments to meet user needs. - Collaborate with business and technical teams to identify and implement solutions to challenges faced by end users. - Ensure compliance with best practices and security standards on the platform, proposing continuous improvements. - Train and mentor junior team members to strengthen their technical skills. Requirements Required Skills: - Minimum of 7 years of experience in Serv","{'name': 'DevOps', 'slug': 'devops'}",2026-05-08T23:44:48+00:00,https://remotejobs.org/remote-jobs/senior-servicenow-administrator-apside,,,,2026-05-10
RemoteJobs.org,0af11540-3fc9-4931-9d0d-7f6ad2e9ba95,Desk Adjuster - Level 3,Crawford Australia,Remote,Remote,Full-time,"We are currently recruiting for a Desk Adjuster - Level 3 to join our team in Canada. The position location is flexible, and we can offer in-office, hybrid or fully remote working arrangements. The successful candidate investigates, evaluates, negotiates, and settles casualty claims by telephone, correspondence and when required through mediation (virtual or in person) and correspondence. Settling losses within delegated authority or reporting to clients while also directing field adjusters, experts and legal council on a task.","{'name': 'Programming', 'slug': 'programming'}",2026-05-08T23:43:58+00:00,https://remotejobs.org/remote-jobs/desk-adjuster-level-3-crawford-australia,,,,2026-05-10
RemoteJobs.org,d2a366ef-03df-4db8-8a61-4cddace10b04,Graphic Designer - Amazon Marketplace,Talent Voyager,Remote,Remote,Full-time,"GigaBrands is seeking a Graphic Designer to create high-impact product images, A+ content, and storefront visuals for Amazon and e-commerce platforms. The ideal candidate has experience in graphic design, proficiency in Adobe Creative Suite, and a strong portfolio showcasing conversion-driven product and brand design. Requirements - Proven experience as a Graphic Designer (Amazon/e-commerce experience strongly preferred) - Strong portfolio showcasing conversion-driven product and brand design - Proficiency in Adobe Creative Suite (Photoshop, Illustrator, InDesign) or similar tools Benefits - Competitive salary - A creative role with space for innovation - Direct impact on brand performance and sales through design","{'name': 'Graphic Design', 'slug': 'graphic-design'}",2026-05-08T23:43:18+00:00,https://remotejobs.org/remote-jobs/graphic-designer-amazon-marketplace-talent-voyager,,,,2026-05-10
RemoteJobs.org,7dc6746a-085f-4291-a173-aa9595f6e79d,Senior Customer Service Lead & Trainer,Pavago,Remote,Remote,Full-time,"We are seeking a highly experienced Senior Customer Service Lead & Trainer to lead, coach, and support a remote customer service team serving U.S.-based customers. Requirements - 10+ years of customer service leadership or team management experience - Experience managing offshore or distributed customer support teams - Strong spoken and written English communication skills - Experience using customer service software, ticketing systems, and VOIP platforms - Strong coaching, onboarding, and performance management experience Benefits - No benefits specified","{'name': 'Programming', 'slug': 'programming'}",2026-05-08T23:42:24+00:00,https://remotejobs.org/remote-jobs/senior-customer-service-lead-trainer-pavago,,,,2026-05-10
RemoteJobs.org,fc375f14-0bd7-4c21-977c-c8bc0e8e0039,Product Designer,Discovery Education,Remote,Remote,Full-time,"We are looking for a skilled Product Designer to create intuitive, elegant, and functional experiences across our K–12 digital learning products. Requirements - Bachelor’s degree in Design, Human-Computer Interaction, or related field, or equivalent practical experience - 3+ years of experience designing digital products (SaaS preferred) in an Agile development environment - Proficiency with modern product design and prototyping tools (e.g., Figma) and collaboration/handoff workflows (e.g., Jira, Confluence, or similar) - Familiarity with accessibility standards and inclusive design practices (e.g., WCAG) Benefits - Career Development Ownership - Continuing Education AND Tuition Reimbursement Programs - Mentorship program and collaboration with veteran leaders - Constant opportunities for cross-functional training and skill building - Uncapped career growth - Leave for life’s moments including 7 recognized holidays - Take PTO without the vacation guilt - Up to 12 weeks of Paid Parental","{'name': 'Programming', 'slug': 'programming'}",2026-05-08T23:40:57+00:00,https://remotejobs.org/remote-jobs/product-designer-discovery-education,111842,117300,"USD 111,842 - 117,300",2026-05-10
RemoteJobs.org,dde79289-440d-40a6-9def-f6a197085da7,Senior Technical Lead - India,Juniper Square,Remote,Remote,Full-time,"Juniper Square is hiring a Senior Technical Lead to build a strategic backend platform service. The role involves owning the end-to-end backend architecture, designing APIs, and leading a team of 4-5 engineers. Requirements - 10+ years of backend engineering experience - 5+ years of Python experience (or strong polyglot - Python/Java) - Production experience with async Python (FastAPI / asyncio) at scale - Strong API design skills - Microservices and distributed systems knowledge - Deep PostgreSQL experience - Scale & performance knowledge - AWS deep experience - Observability and production ownership skills - Experience leading project-level technical direction for 12+ months - Track record of grooming and mentoring junior and mid-level engineers Benefits - Remote work option - Physical offices in San Francisco, New York City, Mumbai and Bangalore - Investment in digital-first operations - Collaboration with teams across 27 U.S. states, 2 Canadian Provinces, India, Luxembourg, and Eng","{'name': 'Programming', 'slug': 'programming'}",2026-05-08T23:38:37+00:00,https://remotejobs.org/remote-jobs/senior-technical-lead-india-juniper-square,,,,2026-05-10
RemoteJobs.org,19c4fefc-0bc0-47e6-8528-bbfa86d62442,AI Automations Consultant Engineer,Agent,Remote,Remote,Full-time,"We are seeking an AI Automation Consultant / Engineer based in LATAM to work directly with US-based SMB clients on short-term consulting engagements focused on AI implementation and business process automation. Requirements - 3+ years of experience in automation engineering, AI implementation, solutions consulting, or related technical consulting work - Experience working directly with US-based SMB clients - Strong client-facing communication and project management skills - Proven experience managing multiple client engagements simultaneously - Hands-on experience with AI tools and automation platforms - Strong written and verbal English communication skills","{'name': 'Programming', 'slug': 'programming'}",2026-05-08T23:38:25+00:00,https://remotejobs.org/remote-jobs/ai-automations-consultant-engineer-agent,,,,2026-05-10
RemoteJobs.org,25be5c1c-7af5-426a-8927-9d7c75ed16bc,Field & Events Marketer,Wing Assistant,Remote,Remote,Full-time,"Wing is seeking elite talent to join M32 AI (backed by top-tier Silicon Valley VCs), dedicated to building agentic AI for traditional service businesses. Think of it like a startup within a corporate: fast moving and agile, with the stability of a corporate, and zero bureaucracy.We're hiring a Field & Events Marketer to own our presence at industry events, tradeshows, and conferences across North America. You'll source the right shows, run them end to end, and be the person on the ground making sure every event drives real pipeline. This is a hands-on role for someone 1-4 years into their career who loves logistics, thrives in fast-paced environments, and gets a kick out of pulling off a great event. You'll partner closely with sales, marketing, and product to turn booth space and badge scans into meetings, opportunities, and closed revenue. Why This Role You'll own a high-visibility function from day one. Every event is a chance to shape how customers, prospects, and the industry see ","{'name': 'Programming', 'slug': 'programming'}",2026-05-08T23:38:11+00:00,https://remotejobs.org/remote-jobs/field-events-marketer-wing-assistant,60000,80000,"USD 60,000 - 80,000",2026-05-10
RemoteJobs.org,586b220c-1fbe-4344-94a4-229beae56fcf,Highway Design Technician,"Short Elliott Hendrickson, Inc",Remote,Remote,Part-time,"Imagine being an employee-owner of a company guided by engaged and empowered team members like yourself. Where a culture of respect, flexibility, and accountability aren't just ideals - they're our foundation, and diverse backgrounds and perspectives are valued as drivers of innovation and growth. Join us, as together, we are Building a Better World for All of Us®. You belong at SEH SEH is currenting searching for a Highway Design Technician to join our talented Transportation team!Why our employee-owners love SEH: - ""I was on vacation last week and had zero concerns that my colleagues would help out with anything that came into my inbox!"" – GIS Analyst - ""What company has a CEO who cares enough to seek out one-on-one conversations ranging from 'How are you?' to 'What do you think would help the company?' SEH, that's who. "" – Civil Engineering Technician - ""Having the feeling that my voice matters and believing that SEH truly cares about the employees is so satisfying!"" – Sr Financial ","{'name': 'Programming', 'slug': 'programming'}",2026-05-08T23:38:11+00:00,https://remotejobs.org/remote-jobs/highway-design-technician-short-elliott-hendrickson-inc,93600,104000,"USD 93,600 - 104,000",2026-05-10
RemoteJobs.org,f91dc25b-0412-4f19-a173-841c0fdfef38,"Manager, Patient Outreach and Engagement",Icon Health,Remote,Remote,Full-time,"Icon Health is a leading provider of value-based musculoskeletal (MSK) care, partnering with payers and providers to improve outcomes and reduce total cost of care. Our model combines technology-enabled MSK providers, proactive care coordination, and decision support services to deliver multidisciplinary, evidence-based care. We founded Icon Health on the belief that patients should be genuinely delighted with their care. Through team-based approaches, shared goals, and patient-centered design, we aim to transform a fragmented healthcare system into one that works better for everyone—especially patients and their clinical teams. We operate with a culture of bold thinking, rapid iteration, and practical execution. We value team members who thrive in vertically integrated environments where ideas move quickly from concept to action, and where no task is too big or too small if it contributes to better outcomes.Responsibilities: - Campaign Development & Execution- Develop and manage multi","{'name': 'Programming', 'slug': 'programming'}",2026-05-08T23:37:09+00:00,https://remotejobs.org/remote-jobs/manager-patient-outreach-and-engagement-icon-health,,,,2026-05-10
RemoteJobs.org,4c20769d-d759-42b6-8ef1-10c32d3574f3,Auto Total Loss Adjuster,United Auto Insurance,Remote,Remote,Full-time,"COMPANY OVERVIEW: Founded in 1989, United Automobile Insurance Company is an innovative and established organization looking for a Total Loss Adjuster to join our team. Family-owned, UAIC, is one of the largest privately held property and casualty insurance companies in the United States. The key to our growth and success is a commitment to providing quality service to our agents and customers, by providing disciplined underwriting, and strategic claims handling. Our ongoing efforts to invest substantial resources in personnel and technology are the foundation of our promise of assuring maximum efficiency and specialized operations in the industry. We are proud that our independent agents and customers have recognized our dedication by making UAIC the market leader in every state where we conduct business. Actively seeking licensed adjusters for a fully remote total loss opportunity on our Auto Claims Team. The ideal candidate will be seated in the S.E. area of the US ~ Active License ","{'name': 'Programming', 'slug': 'programming'}",2026-05-08T23:36:42+00:00,https://remotejobs.org/remote-jobs/auto-total-loss-adjuster-united-auto-insurance,,,,2026-05-10
RemoteJobs.org,6b032e30-b753-4678-ba77-fb55f8946ee0,Salesforce Project Manager,Attain Partners,Remote,Remote,Full-time,"Attain Partners is an innovative consulting firm dedicated to disrupting the status quo to change the world and improve the lives of those we touch. From strategy to technology and everywhere in between, our experts use their unique skills to advance the important missions of education, nonprofit, healthcare, and state and local government clients. People are at the center of all we do, and that’s why we empower career growth, provide industry-leading benefits packages, encourage a flexible work environment, and foster a culture of inclusion to support the needs of our team. We share a collective passion for our mission and our people. Guided by our seven core values, The Attain Way, our vision is the foundation of our culture—to be and attain the best. Job Description We are looking for experienced individuals with background in business finance, analytics, and process improvement to work in a challenging consulting environment serving our Higher Education and Nonprofit clients.The Pr","{'name': 'Programming', 'slug': 'programming'}",2026-05-08T23:35:52+00:00,https://remotejobs.org/remote-jobs/salesforce-project-manager-attain-partners,120000,145000,"USD 120,000 - 145,000",2026-05-10
RemoteJobs.org,2c52e6ad-f475-4851-9650-421149073586,Transaction Coordinator,New Western,Remote,Remote,Full-time,"About the Role We’re looking for a highly organized and detail-oriented Transaction Coordinator to join our growing team. In this role, you’ll partner with our General Manager, Acquisition Agents, and Escrow companies to streamline processes, ensure compliance, and drive transactions forward with minimal delays. You’ll be the trusted point of contact who takes ownership once a deal is under contract, ensuring sellers, tenants, and vendors all have a smooth experience from start to close.About New Western New Western has been named a Glassdoor Best Place to Work three years in a row (2023, 2024, 2025). We are a leading real estate investment marketplace specializing in sourcing distressed residential properties for investors. Operating in nearly 50 markets across 20 states, our innovative approach revitalizes neighborhoods, creates affordable housing options, and addresses the housing supply crisis. Join us to make a meaningful impact on the real estate market while contributing to a co","{'name': 'Programming', 'slug': 'programming'}",2026-05-08T23:35:27+00:00,https://remotejobs.org/remote-jobs/transaction-coordinator-new-western,,,,2026-05-10
RemoteJobs.org,9e1c9363-301f-431b-aad3-36666ae94b2f,Senior Software Engineer,Beacons,Remote,Remote,Full-time,"We're looking for a Senior Fullstack Engineer to lead and own large parts of the product, from ideation to implementation. AI-native work style is a requirement, not a nice-to-have. You reach for AI tools before writing boilerplate, debugging manually, or scoping cold. Balanced frontend (React/TypeScript) and backend (Python). Requirements - AI tools are your default starting point - Used AI coding assistants in real production delivery and have opinions on where they help and where they don't - Comfortable using LLMs beyond code generation - Proficient in TypeScript and Python - Familiarity with Firebase and Flask is a plus - Possess a customer-centric mindset and have strong empathy for creators - Familiarity with SQL and Postgres - Enjoy and have experience working at small, fast-paced startups - Thrive in ambiguity and enjoy scoping solutions with your teammates - Play for the front of the jersey, love to learn, and bias toward action! Benefits - Competitive salary - Equity grant -","{'name': 'Programming', 'slug': 'programming'}",2026-05-08T23:35:15+00:00,https://remotejobs.org/remote-jobs/senior-software-engineer-beacons,180000,230000,"USD 180,000 - 230,000",2026-05-10
RemoteJobs.org,2199c542-25df-4f41-af0b-12b329e13513,Legal Operations Contract Manager,PTC,Remote,Remote,Full-time,"Our world is transforming, and PTC is leading the way. Our software brings the physical and digital worlds together, enabling companies to improve operations, create better products, and empower people in all aspects of their business. Our people make all the difference in our success. Today, we are a global team of nearly 7,000 and our main objective is to create opportunities for our team members to explore, learn, and grow – all while seeing their ideas come to life and celebrating the differences that make us who we are and the work we do possible. Job Summary** The Legal Operations Contract Manager will be a key member of PTC's Legal Operations team, responsible for optimizing the contract lifecycle management process, enhancing operational efficiency, and ensuring compliance with internal policies and external regulations. Job Responsibilities** - Manage and administer the contract lifecycle management (CLM) system, including configuration, user training, and ongoing support. * D","{'name': 'Programming', 'slug': 'programming'}",2026-05-08T23:34:30+00:00,https://remotejobs.org/remote-jobs/legal-operations-contract-manager-ptc,,,,2026-05-10
RemoteJobs.org,bdeea0e3-fae8-40c4-84ca-a75700e2dd99,Lead Technical Program Manager,Mastercard,Remote,Remote,Full-time,"Our Purpose Mastercard powers economies and empowers people in 200+ countries and territories worldwide. Together with our customers, we’re helping build a sustainable economy where everyone can prosper. We support a wide range of digital payments choices, making transactions secure, simple, smart and accessible. Our technology and innovation, partnerships and networks combine to deliver a unique set of products and services that help people, businesses and governments realize their greatest potential. Title and Summary Lead Technical Program ManagerWho is Mastercard? Mastercard is a global technology company in the payments industry. Our mission is to connect and power an inclusive, digital economy that benefits everyone, everywhere by making transactions safe, simple, smart, and accessible. Using secure data and networks, partnerships and passion, our innovations and solutions help individuals, financial institutions, governments, and businesses realize their greatest potential. Our ","{'name': 'Programming', 'slug': 'programming'}",2026-05-08T23:34:02+00:00,https://remotejobs.org/remote-jobs/lead-technical-program-manager-mastercard,121000,169000,"CAD 121,000 - 169,000",2026-05-10
RemoteJobs.org,203fad7e-4352-4318-adf4-9378c4a34635,"Amazon Seller Central Specialist - Freelance, Remote",Magic,Remote,Remote,Full-time,"About the ClientAn established U.S.-based e-commerce retailer specializing in high-quality fabrics sells through its own Shopify site and major marketplaces including Amazon, Michaels, Walmart, eBay, and Etsy. Operating for over nine years with 20+ team members and facilities in North Carolina, they handle a fast-moving, extensive catalog of fabrics and notions. The company is growing its marketplace operations and needs deeper Amazon expertise to improve accuracy and speed to market.Why does this role exist? The business needs an experienced Amazon specialist who can create product listings from scratch and prevent costly errors that have impacted customer experience and profitability. With frequent, time-sensitive fabric collections that aren’t reorderable, the team needs swift, accurate listing creation and reliable inventory sync across channels. This role exists to own Amazon listing excellence, extend those best practices to Walmart and Michaels, and support smooth operations acr","{'name': 'Programming', 'slug': 'programming'}",2026-05-08T23:34:01+00:00,https://remotejobs.org/remote-jobs/amazon-seller-central-specialist-freelance-remote-magic,14560,14560,"USD 14,560 - 14,560",2026-05-10
RemoteJobs.org,cbc49976-6975-42ca-9d2b-4a69f67e9170,Associate Lodging Manager & Marketing Specialist,Navan,Flexible / Remote,Remote,Full-time,"We are seeking a versatile and proactive Associate Lodging Manager & Marketing Specialist to join our team. This unique hybrid role is designed for a detail-oriented professional who can balance high-level marketing and engagement strategies with rigorous operational execution. You will split your time between two critical pillars: Supply Partnership Marketing (30%), where you will drive engagement and optimize how we showcase our partners, and Lodging Partnerships Manager (70%), where you will serve as the owner of daily account functions, RFP execution, and revenue growth. What You'll Do: 1. Supplier Engagement & Marketing (30%) - Partnership Optimization: Act as the primary architect for supplier engagement, organizing and broadcasting events such as educational lunch-and-learns, partner showcases, webinars, and FAM trips. - Content Strategy: Manage and optimize supplier content within internal knowledge bases to ensure stakeholders have the most accurate and persuasive information.","{'name': 'Programming', 'slug': 'programming'}",2026-05-08T23:33:04+00:00,https://remotejobs.org/remote-jobs/associate-lodging-manager-marketing-specialist-navan,,,,2026-05-10
RemoteJobs.org,46dc9748-a5e4-4d1e-a1c7-74a83e98e999,Clinical Education Manager (Remote - Southeast Region),Pride Mobility Products Corp.,Remote,Remote,Full-time,"Ensures clinical innovation and education efforts are created and executed through internal and external channels for Quantum Rehab and Stealth products. Develops and maintains strong presentation skills on all Pride and Quantum-related product lines. Travels strategically to enhance Quantum Rehab and Stealth growth opportunities with providers and clinicians. Requirements - Work closely with Inside and Field Sales team members to develop and create clinical sales-related content and materials. - Enhance the clinical presence and resources across all channels to maximize Quantum Rehab’s footprint and feature product and industry advancements. - Develop and maintain strong presentation skills on all Pride and Quantum-related product lines. - Strategic travel throughout country targeting and supporting Rehab Product Specialists and Regional Managers. - Support the Quantum Rehab Leadership teams by providing education, training and guidance to increase the effectiveness of the Sales team ","{'name': 'Programming', 'slug': 'programming'}",2026-05-08T23:33:02+00:00,https://remotejobs.org/remote-jobs/clinical-education-manager-remote-southeast-region-pride-mobility-products-corp,91900,91900,"USD 91,900 - 91,900",2026-05-10
RemoteJobs.org,e30be378-9af7-460e-acbe-200c524e5d05,"Bilingual Nurse Practitioner 100% Virtual, CareBridge",Carelon Global Solutions Philippines,Remote,Remote,Full-time,"Anticipated End Date: 2026-06-04Position Title: Bilingual Nurse Practitioner 100% Virtual, CareBridgeJob Description: Bilingual Nurse Practitioner 100% Virtual, CareBridge $5,000 Sign-on Bonus *Seeking Bilingual Nurse Practitioner candidates that have an active, unrestricted Nurse Practitioner license in either of the following states: Texas, Kansas, or Iowa AND must have an active RN Compact license. Virtual: This role enables associates to work virtually full-time, with the exception of required in-person training sessions (when indicated), providing maximum flexibility and autonomy. This approach promotes productivity, supports work-life integration, and ensures essential face-to-face onboarding and skill development. Alternate locations may be considered if candidatesresidewithin a commuting distance from an office. Please note that per our policy on hybrid/virtual work, candidates not within a reasonable commuting distance from the posting location(s) will not be considered for em","{'name': 'Programming', 'slug': 'programming'}",2026-05-08T23:32:25+00:00,https://remotejobs.org/remote-jobs/bilingual-nurse-practitioner-100-virtual-carebridge-carelon-global-solutions-philippines,,,,2026-05-10
